,Accuracy,Precision,Recall,F1-Measure
Jamendo,0.939557292,0.937902762,0.945376453,0.941594264
Electrobyte,0.833716585,0.798451724,0.861320173,0.828451103
